amount_band,transactions,fraud_transactions,fraud_rate,fraud_amount
d. $50-100,37718,57,0.001511,4995.33
e. $100-500,47893,95,0.001984,21913.81
a. $0,1825,27,0.014795,0.0
f. $500+,9492,35,0.003687,31194.9
b. $0-10,95489,222,0.002325,458.9
c. $10-50,92390,56,0.000606,1565.03
