class,label,transactions,mean_amount,median_amount,total_amount,max_amount
0,Legitimate,284315,88.29102242231328,22.0,25102462.04,25691.16
1,Fraud,492,122.21132113821139,9.25,60127.97,2125.87
