class,label,transactions,share
0,Legitimate,284315,0.9982725143693799
1,Fraud,492,0.001727485630620034
