model,average_precision_pr_auc,roc_auc,precision_at_0_50,recall_at_0_50,f1_at_0_50,alert_rate_at_0_50
Tree model with Random oversampling fallback,0.8449350584011154,0.9746501573824249,0.8620689655172413,0.8130081300813008,0.8368200836820083,0.001629167720007865
Class-weighted logistic regression,0.7038566346457426,0.972638025455931,0.0625,0.8861788617886179,0.11676486341724691,0.024493693997359626
